website,cdns,cdn_types,uses_third_party,critical_dependency,redundant,mult_third,step_id
bsky.app,amazon,"{""amazon"": ""third""}",True,True,False,False,"step 5 (SOA), "
bsky.network,amazon,"{""amazon"": ""third""}",True,True,False,False,"step 5 (SOA), "
bsky.social,amazon,"{""amazon"": ""third""}",True,True,False,False,"step 5 (SOA), "
discord.com,cloudflare,"{""cloudflare"": ""third""}",True,True,False,False,"step 5 (SOA), "
discord.media,cloudflare,"{""cloudflare"": ""third""}",True,True,False,False,"step 5 (SOA), "
discordapp.com,discord|cloudflare,"{""discord"": ""private"", ""cloudflare"": ""third""}",True,False,True,False,"step 2, step 5 (SOA), "
facebook-hardware.com,meta,"{""meta"": ""private""}",False,False,False,False,"step 3, "
facebook.com,meta,"{""meta"": ""private""}",False,False,False,False,"step 3, "
fbsbx.com,meta,"{""meta"": ""private""}",False,False,False,False,"step 2, "
flickr.com,amazon,"{""amazon"": ""third""}",True,True,False,False,"step 5 (SOA), "
foursquare.com,amazon|fastly,"{""amazon"": ""private"", ""fastly"": ""private""}",False,False,True,False,"step 5 (SOA), step 7, "
instagram.com,meta,"{""meta"": ""private""}",False,False,False,False,"step 3, "
line.me,amazon,"{""amazon"": ""third""}",True,True,False,False,"step 6, "
linkedin.com,cloudflare,"{""cloudflare"": ""private""}",False,False,False,False,"step 6, "
mastodon.social,fastly,"{""fastly"": ""third""}",True,True,False,False,"step 6, "
meetup.com,amazon|fastly,"{""amazon"": ""third"", ""fastly"": ""third""}",True,False,True,True,"step 5 (SOA), step 6, "
myspace.com,google,"{""google"": ""private""}",False,False,False,False,"step 5 (SOA), "
nextdoor.com,amazon,"{""amazon"": ""third""}",True,True,False,False,"step 5 (SOA), "
pinterest.com,twitter|fastly,"{""twitter"": ""private"", ""fastly"": ""private""}",False,False,True,False,"step 6, step 6, "
quora.com,amazon|cloudflare,"{""amazon"": ""third"", ""cloudflare"": ""third""}",True,False,True,True,"step 5 (SOA), step 6, "
reddit.com,amazon|fastly,"{""amazon"": ""third"", ""fastly"": ""third""}",True,False,True,True,"step 5 (SOA), step 6, "
redditmedia.com,amazon|fastly,"{""amazon"": ""third"", ""fastly"": ""third""}",True,False,True,True,"step 5 (SOA), step 6, "
redditstatic.com,amazon|fastly,"{""amazon"": ""third"", ""fastly"": ""third""}",True,False,True,True,"step 5 (SOA), step 6, "
signal.org,cloudflare,"{""cloudflare"": ""third""}",True,True,False,False,"step 5 (SOA), "
snapchat.com,amazon|twitter,"{""amazon"": ""private"", ""twitter"": ""private""}",False,False,True,False,"step 5 (SOA), step 6, "
t.me,telegram|google,"{""telegram"": ""private"", ""google"": ""third""}",True,False,True,False,"step 2, step 5 (SOA), "
telegram.me,google,"{""google"": ""private""}",False,False,False,False,"step 5 (SOA), "
telegram.org,google,"{""google"": ""third""}",True,True,False,False,"step 5 (SOA), "
threads.net,meta,"{""meta"": ""private""}",False,False,False,False,"step 5 (SOA), "
tiktok.com,tiktok|akamai,"{""tiktok"": ""private"", ""akamai"": ""third""}",True,False,True,False,"step 3, step 6, "
tiktokshop.com,tiktok|akamai,"{""tiktok"": ""private"", ""akamai"": ""third""}",True,False,True,False,"step 3, step 6, "
tiktokv.com,bytedance|tiktok|akamai,"{""bytedance"": ""private"", ""tiktok"": ""private"", ""akamai"": ""third""}",True,False,True,False,"step 2, step 3, step 6, "
truthsocial.com,cloudflare,"{""cloudflare"": ""third""}",True,True,False,False,"step 5 (SOA), "
twitch.tv,amazon|fastly,"{""amazon"": ""third"", ""fastly"": ""third""}",True,False,True,True,"step 5 (SOA), step 6, "
viber.com,amazon|akamai,"{""amazon"": ""third"", ""akamai"": ""third""}",True,False,True,True,"step 5 (SOA), step 6, "
wechat.com,twitter,"{""twitter"": ""third""}",True,True,False,False,"step 6, "
weibocdn.com,weibo,"{""weibo"": ""private""}",False,False,False,False,"step 2, "
weixin.com,tencent,"{""tencent"": ""third""}",True,True,False,False,"step 6, "
whatsapp.com,meta,"{""meta"": ""private""}",False,False,False,False,"step 3, "
whatsapp.net,meta,"{""meta"": ""private""}",False,False,False,False,"step 3, "
x.com,cloudflare,"{""cloudflare"": ""private""}",False,False,False,False,"step 7, "
